Conv2d_0,ReLU_1,MaxPool2d_2,Conv2d_3,ReLU_4,MaxPool2d_5,Conv2d_6,ReLU_7,Conv2d_8,ReLU_9,Conv2d_10,ReLU_11,MaxPool2d_12,AdaptiveAvgPool2d_13,Flatten_14,Linear_15,ReLU_16,Dropout_17,Linear_18,ReLU_19,Dropout_20,Linear_21
1734613207.8363342,1734613207.836997,1734613207.8372426,1734613207.8374596,1734613207.8397796,1734613207.8399608,1734613207.84012,1734613207.8411133,1734613207.8412092,1734613207.842361,1734613207.8424358,1734613207.843252,1734613207.8433237,1734613207.8433964,1734613207.8435502,1734613207.8435745,1734613207.8441617,1734613207.8441982,1734613207.844248,1734613207.8445349,1734613207.8445683,1734613207.8446088
1734613207.8369937,1734613207.83724,1734613207.8374577,1734613207.839777,1734613207.8399587,1734613207.8401182,1734613207.8411107,1734613207.8412073,1734613207.8423586,1734613207.842434,1734613207.8432493,1734613207.8433216,1734613207.8433945,1734613207.8435478,1734613207.8435729,1734613207.84416,1734613207.8441966,1734613207.844246,1734613207.844533,1734613207.8445668,1734613207.844607,1734613207.8446648
